precision,recall,threshold
0.5,1.0,3.9006247e-09
0.5004633920296571,1.0,2.810428e-07
0.5009276437847866,1.0,2.9573496e-07
0.5013927576601671,1.0,2.5755032e-06
0.5018587360594795,1.0,3.0963731e-06
0.5023255813953489,1.0,4.2696374e-06
0.5027932960893855,1.0,5.4077186e-06
0.5032618825722274,1.0,6.256091e-06
0.503731343283582,1.0,1.6068474e-05
0.5042016806722689,1.0,2.3219476e-05
0.5046728971962616,1.0,2.9102117e-05
0.5051449953227315,1.0,3.930254e-05
0.5056179775280899,1.0,4.1931333e-05
0.5060918462980318,1.0,5.6173772e-05
0.5065666041275797,1.0,6.4889544e-05
0.5070422535211268,1.0,7.1329036e-05
0.5075187969924813,1.0,7.293567e-05
0.5079962370649106,1.0,8.14943e-05
0.5084745762711864,1.0,9.43869e-05
0.5089538171536286,1.0,9.87566e-05
0.5094339622641509,1.0,0.00011553796
0.509915014164306,1.0,0.00012503203
0.5103969754253308,1.0,0.00013344442
0.510879848628193,1.0,0.00016399364
0.5113636363636364,1.0,0.0001702077
0.5118483412322274,1.0,0.00018385345
0.5123339658444023,1.0,0.00025391154
0.5128205128205128,1.0,0.00025639802
0.5133079847908745,1.0,0.00025752033
0.5137963843958135,1.0,0.00026512032
0.5142857142857142,1.0,0.0002693903
0.5147759771210677,1.0,0.00035372126
0.5152671755725191,1.0,0.0003780828
0.5157593123209169,1.0,0.00040538557
0.5162523900573613,1.0,0.00045559526
0.5167464114832536,1.0,0.0004641754
0.5172413793103449,1.0,0.0004743379
0.5177372962607862,1.0,0.00067541306
0.5182341650671785,1.0,0.0007431291
0.5187319884726225,1.0,0.00074750464
0.5192307692307693,1.0,0.00076232397
0.519730510105871,1.0,0.00077674625
0.5202312138728323,1.0,0.0008287793
0.5207328833172613,1.0,0.00093816395
0.5212355212355212,1.0,0.0010243605
0.5217391304347826,1.0,0.0010275578
0.5222437137330754,1.0,0.0013243915
0.5227492739593417,1.0,0.0013482466
0.5232558139534884,1.0,0.0013938686
0.5237633365664404,1.0,0.001607834
0.5242718446601942,1.0,0.0016305598
0.5247813411078717,1.0,0.002288305
0.5252918287937743,1.0,0.0023921682
0.5258033106134372,1.0,0.002494501
0.5263157894736842,1.0,0.0027130598
0.526829268292683,1.0,0.0028388547
0.52734375,1.0,0.0029025646
0.5278592375366569,1.0,0.003043985
0.5283757338551859,1.0,0.0031898424
0.5288932419196866,1.0,0.003234186
0.5294117647058824,1.0,0.0035668076
0.5299313052011776,1.0,0.0035911927
0.5304518664047151,1.0,0.0037794886
0.5309734513274337,1.0,0.0038056604
0.531496062992126,1.0,0.0038768603
0.5320197044334976,1.0,0.0040606367
0.5325443786982249,1.0,0.0040669576
0.5330700888450148,1.0,0.0040935767
0.5335968379446641,1.0,0.0041029616
0.5341246290801187,1.0,0.0043172473
0.5346534653465347,1.0,0.0044765132
0.535183349851338,1.0,0.0045096255
0.5357142857142857,1.0,0.0045518856
0.5362462760675273,1.0,0.004635281
0.536779324055666,1.0,0.0046548364
0.5373134328358209,1.0,0.0048422613
0.5378486055776892,1.0,0.0048675537
0.5383848454636092,1.0,0.0049943496
0.5389221556886228,1.0,0.005236653
0.5394605394605395,1.0,0.0052715777
0.54,1.0,0.0055255587
0.5405405405405406,1.0,0.0058426885
0.5410821643286573,1.0,0.0058708545
0.5416248746238717,1.0,0.0061367457
0.5421686746987951,1.0,0.0062360917
0.542713567839196,1.0,0.0063005155
0.5432595573440644,1.0,0.006474823
0.5438066465256798,1.0,0.0065775397
0.5443548387096774,1.0,0.0069847107
0.544904137235116,1.0,0.007037393
0.5454545454545454,1.0,0.00722171
0.5460060667340748,1.0,0.0072808187
0.5465587044534413,1.0,0.007590836
0.547112462006079,1.0,0.008023462
0.5476673427991886,1.0,0.008287741
0.5482233502538071,1.0,0.008323588
0.5487804878048781,1.0,0.0084620025
0.5493387589013224,1.0,0.008514125
0.5498981670061099,1.0,0.008515658
0.5504587155963303,1.0,0.008897493
0.5510204081632653,1.0,0.008944183
0.5515832482124617,1.0,0.0090839
0.5521472392638037,1.0,0.009220629
0.5527123848515865,1.0,0.009521484
0.5532786885245902,1.0,0.009657794
0.5538461538461539,1.0,0.010055478
0.5544147843942505,1.0,0.010158787
0.5549845837615622,1.0,0.01019437
0.5555555555555556,1.0,0.010198672
0.5561277033985582,1.0,0.010501313
0.5567010309278351,1.0,0.010570559
0.5572755417956656,1.0,0.01072545
0.5578512396694215,1.0,0.010937643
0.5584281282316442,1.0,0.010968793
0.5590062111801242,1.0,0.012090096
0.5595854922279793,1.0,0.012184143
0.5601659751037344,1.0,0.012217567
0.5607476635514018,1.0,0.012248278
0.5613305613305614,1.0,0.012326484
0.5619146722164412,1.0,0.012669422
0.5625,1.0,0.013061523
0.5630865484880083,1.0,0.013253562
0.5636743215031316,1.0,0.013427734
0.5642633228840125,1.0,0.014054638
0.5648535564853556,1.0,0.014080702
0.5654450261780105,1.0,0.014305228
0.5660377358490566,1.0,0.014370808
0.5666316894018888,1.0,0.014446318
0.5672268907563025,1.0,0.014644719
0.5678233438485805,1.0,0.015047979
0.5684210526315789,1.0,0.015298839
0.5690200210748156,1.0,0.015367376
0.569620253164557,1.0,0.015408999
0.5702217529039071,1.0,0.015455642
0.5708245243128964,1.0,0.015467954
0.5714285714285714,1.0,0.015559226
0.5720338983050848,1.0,0.016281128
0.5726405090137858,1.0,0.016508648
0.5732484076433121,1.0,0.016538985
0.5738575982996812,1.0,0.017034743
0.574468085106383,1.0,0.017091235
0.5750798722044729,1.0,0.017242817
0.5756929637526652,1.0,0.01736336
0.576307363927428,1.0,0.017779384
0.5769230769230769,1.0,0.017939357
0.5775401069518716,1.0,0.0180563
0.5781584582441114,1.0,0.018090134
0.5787781350482315,1.0,0.018493652
0.5793991416309013,1.0,0.018866537
0.5800214822771214,1.0,0.018988932
0.5806451612903226,1.0,0.019175712
0.581270182992465,1.0,0.019180847
0.5818965517241379,1.0,0.019185005
0.5825242718446602,1.0,0.01956769
0.5831533477321814,1.0,0.020701645
0.5837837837837838,1.0,0.020889282
0.5844155844155844,1.0,0.022449901
0.5850487540628385,1.0,0.023165299
0.5856832971800434,1.0,0.023376593
0.5863192182410424,1.0,0.023506392
0.5869565217391305,1.0,0.023531029
0.5875952121871599,1.0,0.023599304
0.5882352941176471,1.0,0.023729166
0.5888767720828789,1.0,0.023813555
0.5895196506550219,1.0,0.023916328
0.5901639344262295,1.0,0.024676023
0.5908096280087527,1.0,0.024760406
0.5914567360350493,1.0,0.025476214
0.5921052631578947,1.0,0.02555332
0.5927552140504939,1.0,0.025682349
0.5934065934065934,1.0,0.026102401
0.594059405940594,1.0,0.02692989
0.5947136563876652,1.0,0.028122501
0.5953693495038589,1.0,0.028213501
0.5960264900662252,1.0,0.028469179
0.5966850828729282,1.0,0.029001163
0.5973451327433629,1.0,0.029229283
0.5980066445182725,1.0,0.029505359
0.5986696230598669,1.0,0.029733712
0.5993340732519423,1.0,0.030393876
0.6,1.0,0.03060121
0.6006674082313682,1.0,0.030857515
0.6013363028953229,1.0,0.03187863
0.6020066889632107,1.0,0.032109216
0.6026785714285714,1.0,0.032731578
0.6033519553072626,1.0,0.03276052
0.6040268456375839,1.0,0.032813963
0.6047032474804032,1.0,0.032958984
0.6053811659192825,1.0,0.033596266
0.6060606060606061,1.0,0.033957206
0.6067415730337079,1.0,0.034033127
0.6074240719910011,1.0,0.034118183
0.6081081081081081,1.0,0.034375258
0.608793686583991,1.0,0.035364058
0.6094808126410836,1.0,0.035403676
0.6101694915254238,1.0,0.03554453
0.6108597285067874,1.0,0.03662287
0.6115515288788222,1.0,0.03675059
0.6122448979591837,1.0,0.03754523
0.6129398410896708,1.0,0.037897564
0.6136363636363636,1.0,0.038069632
0.6143344709897611,1.0,0.03850623
0.6150341685649203,1.0,0.03967228
0.6157354618015963,1.0,0.040655255
0.6164383561643836,1.0,0.040775504
0.6171428571428571,1.0,0.040933643
0.6178489702517163,1.0,0.04165534
0.6185567010309279,1.0,0.042035718
0.6192660550458715,1.0,0.042416282
0.6199770378874856,1.0,0.04282747
0.6206896551724138,1.0,0.04348688
0.6214039125431531,1.0,0.044269267
0.6221198156682027,1.0,0.044281006
0.6228373702422145,1.0,0.04554327
0.6235565819861432,1.0,0.04605665
0.6242774566473989,1.0,0.04840287
0.625,1.0,0.049183633
0.6257242178447276,1.0,0.050106797
0.6264501160092807,1.0,0.050121594
0.627177700348432,1.0,0.05052375
0.627906976744186,1.0,0.051666275
0.6286379511059371,1.0,0.053412266
0.6293706293706294,1.0,0.05349341
0.6301050175029171,1.0,0.05445475
0.6308411214953271,1.0,0.05465471
0.631578947368421,1.0,0.054658182
0.6323185011709602,1.0,0.055682108
0.6330597889800703,1.0,0.05570992
0.6338028169014085,1.0,0.056030273
0.6345475910693302,1.0,0.056074373
0.6352941176470588,1.0,0.056854248
0.6360424028268551,1.0,0.057172634
0.6367924528301887,1.0,0.05734623
0.6375442739079102,1.0,0.057613444
0.6382978723404256,1.0,0.058080427
0.6390532544378699,1.0,0.05834961
0.6398104265402843,1.0,0.05959824
0.6405693950177936,1.0,0.05965334
0.6413301662707839,1.0,0.05975702
0.6420927467300832,1.0,0.06031015
0.6428571428571429,1.0,0.061822057
0.6436233611442194,1.0,0.06287421
0.6443914081145584,1.0,0.06314714
0.6451612903225806,1.0,0.06467396
0.645933014354067,1.0,0.06599426
0.6467065868263473,1.0,0.06682146
0.6474820143884892,1.0,0.06683403
0.6482593037214885,1.0,0.067231126
0.6490384615384616,1.0,0.0676563
0.6498194945848376,1.0,0.068399794
0.6506024096385542,1.0,0.069211714
0.6513872135102533,1.0,0.06949529
0.6521739130434783,1.0,0.07166765
0.652962515114873,1.0,0.07192082
0.6537530266343826,1.0,0.072183706
0.6545454545454545,1.0,0.07252888
0.6553398058252428,1.0,0.0726212
0.6561360874848117,1.0,0.07266066
0.656934306569343,1.0,0.07287458
0.6577344701583435,1.0,0.07300254
0.6585365853658537,1.0,0.07470703
0.6593406593406593,1.0,0.07562882
0.6601466992665037,1.0,0.07598179
0.6609547123623011,1.0,0.078424335
0.6617647058823529,1.0,0.079619564
0.6625766871165644,1.0,0.08039851
0.6633906633906634,1.0,0.080537155
0.6642066420664207,1.0,0.08262034
0.6650246305418719,1.0,0.08340407
0.6658446362515413,1.0,0.08401767
0.6666666666666666,1.0,0.08619016
0.6674907292954264,1.0,0.0867909
0.6683168316831684,1.0,0.088498354
0.6691449814126395,1.0,0.08861555
0.6699751861042184,1.0,0.08979558
0.6708074534161491,1.0,0.090493806
0.6716417910447762,1.0,0.09065486
0.6724782067247821,1.0,0.09523981
0.6733167082294265,1.0,0.09579231
0.6741573033707865,1.0,0.09640167
0.675,1.0,0.096878
0.6758448060075094,1.0,0.09728047
0.6766917293233082,1.0,0.09745397
0.6775407779171895,1.0,0.098693766
0.678391959798995,1.0,0.098858364
0.6792452830188679,1.0,0.1018207
0.6801007556675063,1.0,0.10215742
0.6809583858764187,1.0,0.10235986
0.6818181818181818,1.0,0.1039229
0.6826801517067004,1.0,0.10543562
0.6835443037974683,1.0,0.106481135
0.6844106463878327,1.0,0.10752953
0.6852791878172588,1.0,0.107613444
0.6861499364675985,1.0,0.108611934
0.6870229007633588,1.0,0.10901439
0.6878980891719745,1.0,0.10905817
0.6887755102040817,1.0,0.1092384
0.6896551724137931,1.0,0.10948702
0.690537084398977,1.0,0.112971485
0.6914212548015365,1.0,0.11484325
0.6923076923076923,1.0,0.11515772
0.693196405648267,1.0,0.11616817
0.6940874035989717,1.0,0.116490185
0.694980694980695,1.0,0.11714282
0.6958762886597938,1.0,0.11723501
0.6967741935483871,1.0,0.1173097
0.6976744186046512,1.0,0.11825485
0.6985769728331177,1.0,0.11845469
0.6994818652849741,1.0,0.118980244
0.7003891050583657,1.0,0.11970092
0.7012987012987013,1.0,0.11999282
0.7022106631989596,1.0,0.120936945
0.703125,1.0,0.12102432
0.7040417209908736,1.0,0.12115432
0.7049608355091384,1.0,0.123487264
0.7058823529411765,1.0,0.124469474
0.7068062827225131,1.0,0.12497691
0.7077326343381389,1.0,0.12597948
0.7086614173228346,1.0,0.1264151
0.709592641261498,1.0,0.1268586
0.7105263157894737,1.0,0.12863451
0.7114624505928854,1.0,0.13110931
0.712401055408971,1.0,0.13271277
0.71334214002642,1.0,0.13299829
0.7142857142857143,1.0,0.13373417
0.7152317880794702,1.0,0.13418247
0.7161803713527851,1.0,0.1343245
0.7171314741035857,1.0,0.1349759
0.7180851063829787,1.0,0.1364955
0.7190412782956058,1.0,0.13721356
0.7186666666666667,0.9981481481481481,0.13763705
0.719626168224299,0.9981481481481481,0.13776878
0.7205882352941176,0.9981481481481481,0.1389296
0.7215528781793842,0.9981481481481481,0.13992442
0.7225201072386059,0.9981481481481481,0.14128822
0.723489932885906,0.9981481481481481,0.1422482
0.7244623655913979,0.9981481481481481,0.14267807
0.7254374158815612,0.9981481481481481,0.143272
0.7264150943396226,0.9981481481481481,0.14357784
0.7273954116059379,0.9981481481481481,0.14478414
0.7283783783783784,0.9981481481481481,0.1466514
0.7293640054127198,0.9981481481481481,0.14707571
0.7303523035230353,0.9981481481481481,0.14760199
0.7313432835820896,0.9981481481481481,0.15199083
0.7323369565217391,0.9981481481481481,0.15263261
0.7333333333333333,0.9981481481481481,0.15387833
0.7343324250681199,0.9981481481481481,0.15395866
0.7353342428376535,0.9981481481481481,0.15404125
0.7363387978142076,0.9981481481481481,0.16038208
0.7373461012311902,0.9981481481481481,0.16291127
0.7383561643835617,0.9981481481481481,0.16677746
0.7393689986282579,0.9981481481481481,0.16775404
0.7403846153846154,0.9981481481481481,0.16939776
0.7414030261348006,0.9981481481481481,0.16965696
0.7424242424242424,0.9981481481481481,0.17145142
0.743448275862069,0.9981481481481481,0.17254773
0.744475138121547,0.9981481481481481,0.17559335
0.7455048409405256,0.9981481481481481,0.17635207
0.7465373961218836,0.9981481481481481,0.17640965
0.7475728155339806,0.9981481481481481,0.17923842
0.7486111111111111,0.9981481481481481,0.18270123
0.7496522948539638,0.9981481481481481,0.18425831
0.7506963788300836,0.9981481481481481,0.18426359
0.7517433751743375,0.9981481481481481,0.18535723
0.7527932960893855,0.9981481481481481,0.18569665
0.7538461538461538,0.9981481481481481,0.18579425
0.7549019607843137,0.9981481481481481,0.18704589
0.7545582047685835,0.9962962962962963,0.18824075
0.7556179775280899,0.9962962962962963,0.1885132
0.7566807313642757,0.9962962962962963,0.19215156
0.7577464788732394,0.9962962962962963,0.19289964
0.7588152327221439,0.9962962962962963,0.1934049
0.7598870056497176,0.9962962962962963,0.19501106
0.7609618104667609,0.9962962962962963,0.1952751
0.7620396600566572,0.9962962962962963,0.19612083
0.7631205673758865,0.9962962962962963,0.19614926
0.7642045454545454,0.9962962962962963,0.19910212
0.7652916073968705,0.9962962962962963,0.20036782
0.7649572649572649,0.9944444444444445,0.20066889
0.7660485021398002,0.9944444444444445,0.20187497
0.7671428571428571,0.9944444444444445,0.2033402
0.7682403433476395,0.9944444444444445,0.20443171
0.7693409742120344,0.9944444444444445,0.20513593
0.7704447632711621,0.9944444444444445,0.20583953
0.771551724137931,0.9944444444444445,0.20788574
0.7726618705035971,0.9944444444444445,0.20874305
0.7737752161383286,0.9944444444444445,0.2088334
0.7748917748917749,0.9944444444444445,0.21172817
0.7760115606936416,0.9944444444444445,0.213715
0.7771345875542692,0.9944444444444445,0.21380927
0.7782608695652173,0.9944444444444445,0.21488012
0.7793904208998549,0.9944444444444445,0.21556322
0.7805232558139535,0.9944444444444445,0.22089621
0.7816593886462883,0.9944444444444445,0.22130941
0.782798833819242,0.9944444444444445,0.22234525
0.7839416058394161,0.9944444444444445,0.22707559
0.7850877192982456,0.9944444444444445,0.22731732
0.7862371888726208,0.9944444444444445,0.22790967
0.7873900293255132,0.9944444444444445,0.22849837
0.788546255506608,0.9944444444444445,0.23145615
0.7897058823529411,0.9944444444444445,0.2347647
0.7908689248895434,0.9944444444444445,0.23685616
0.7920353982300885,0.9944444444444445,0.23687753
0.793205317577548,0.9944444444444445,0.24305387
0.7943786982248521,0.9944444444444445,0.24417555
0.7955555555555556,0.9944444444444445,0.24480854
0.7967359050445104,0.9944444444444445,0.25572896
0.7979197622585439,0.9944444444444445,0.25661442
0.7991071428571429,0.9944444444444445,0.26333934
0.7988077496274217,0.9925925925925926,0.26491803
0.8,0.9925925925925926,0.26862136
0.7997010463378177,0.9907407407407407,0.27762115
0.8008982035928144,0.9907407407407407,0.27810544
0.8020989505247377,0.9907407407407407,0.2829957
0.8033033033033034,0.9907407407407407,0.2897629
0.8045112781954887,0.9907407407407407,0.29271996
0.8057228915662651,0.9907407407407407,0.29732686
0.8069381598793364,0.9907407407407407,0.297828
0.8081570996978852,0.9907407407407407,0.29872543
0.8093797276853253,0.9907407407407407,0.305844
0.8106060606060606,0.9907407407407407,0.30946967
0.8118361153262519,0.9907407407407407,0.31222576
0.8130699088145896,0.9907407407407407,0.31235185
0.8143074581430746,0.9907407407407407,0.31393713
0.8155487804878049,0.9907407407407407,0.31420898
0.816793893129771,0.9907407407407407,0.31533343
0.8180428134556575,0.9907407407407407,0.3177148
0.8192955589586524,0.9907407407407407,0.3232166
0.8205521472392638,0.9907407407407407,0.3239019
0.8218125960061444,0.9907407407407407,0.3242993
0.823076923076923,0.9907407407407407,0.32505658
0.8243451463790447,0.9907407407407407,0.3259877
0.8256172839506173,0.9907407407407407,0.32603484
0.8268933539412674,0.9907407407407407,0.32646728
0.8281733746130031,0.9907407407407407,0.3290308
0.8294573643410853,0.9907407407407407,0.33162886
0.8307453416149069,0.9907407407407407,0.33164045
0.8320373250388803,0.9907407407407407,0.33225322
0.8333333333333334,0.9907407407407407,0.3338174
0.8346333853354134,0.9907407407407407,0.3339973
0.8359375,0.9907407407407407,0.33573693
0.837245696400626,0.9907407407407407,0.3377631
0.8385579937304075,0.9907407407407407,0.34274828
0.8398744113029827,0.9907407407407407,0.34389654
0.8411949685534591,0.9907407407407407,0.3499607
0.84251968503937,0.9907407407407407,0.35394236
0.8438485804416404,0.9907407407407407,0.35880882
0.8451816745655608,0.9907407407407407,0.35927907
0.8449367088607594,0.9888888888888889,0.35965642
0.8462757527733756,0.9888888888888889,0.360923
0.8476190476190476,0.9888888888888889,0.36247715
0.848966613672496,0.9888888888888889,0.36291987
0.8503184713375797,0.9888888888888889,0.3682895
0.8516746411483254,0.9888888888888889,0.36923763
0.853035143769968,0.9888888888888889,0.37011147
0.8544,0.9888888888888889,0.38031244
0.8557692307692307,0.9888888888888889,0.38275248
0.8571428571428571,0.9888888888888889,0.38327906
0.8585209003215434,0.9888888888888889,0.38935494
0.8599033816425121,0.9888888888888889,0.3900903
0.8612903225806452,0.9888888888888889,0.39169177
0.8626817447495961,0.9888888888888889,0.39596003
0.8640776699029126,0.9888888888888889,0.3960005
0.8654781199351702,0.9888888888888889,0.3966148
0.8668831168831169,0.9888888888888889,0.39755046
0.8682926829268293,0.9888888888888889,0.39766595
0.8697068403908795,0.9888888888888889,0.39879227
0.8711256117455138,0.9888888888888889,0.39975056
0.8725490196078431,0.9888888888888889,0.39978072
0.8739770867430442,0.9888888888888889,0.40449515
0.8754098360655738,0.9888888888888889,0.40987074
0.8768472906403941,0.9888888888888889,0.41258842
0.8782894736842105,0.9888888888888889,0.413079
0.8797364085667215,0.9888888888888889,0.41464743
0.8811881188118812,0.9888888888888889,0.41753063
0.8826446280991735,0.9888888888888889,0.41952884
0.8841059602649006,0.9888888888888889,0.42036983
0.8855721393034826,0.9888888888888889,0.4212791
0.8870431893687708,0.9888888888888889,0.42142293
0.8885191347753744,0.9888888888888889,0.4218929
0.8883333333333333,0.987037037037037,0.42192462
0.8898163606010017,0.987037037037037,0.4251458
0.8913043478260869,0.987037037037037,0.42570597
0.8927973199329984,0.987037037037037,0.42828542
0.8942953020134228,0.987037037037037,0.42878395
0.8957983193277311,0.987037037037037,0.4334959
0.8973063973063973,0.987037037037037,0.43527976
0.8988195615514334,0.987037037037037,0.4381063
0.9003378378378378,0.987037037037037,0.43936715
0.9018612521150592,0.987037037037037,0.43972176
0.9033898305084745,0.987037037037037,0.4433074
0.9049235993208828,0.987037037037037,0.44710103
0.9064625850340136,0.987037037037037,0.45065993
0.9080068143100511,0.987037037037037,0.45280054
0.909556313993174,0.987037037037037,0.45576882
0.9111111111111111,0.987037037037037,0.45620903
0.9126712328767124,0.987037037037037,0.45660666
0.9142367066895368,0.987037037037037,0.45854828
0.915807560137457,0.987037037037037,0.459525
0.9173838209982789,0.987037037037037,0.46478844
0.9189655172413793,0.987037037037037,0.47233513
0.9205526770293609,0.987037037037037,0.47354403
0.9221453287197232,0.987037037037037,0.47647396
0.9237435008665511,0.987037037037037,0.477481
0.9236111111111112,0.9851851851851852,0.47875494
0.9234782608695652,0.9833333333333333,0.48748007
0.9250871080139372,0.9833333333333333,0.48938063
0.9267015706806283,0.9833333333333333,0.49039212
0.9283216783216783,0.9833333333333333,0.49043605
0.9299474605954466,0.9833333333333333,0.4926217
0.9315789473684211,0.9833333333333333,0.49294737
0.9332161687170475,0.9833333333333333,0.49315783
0.9348591549295775,0.9833333333333333,0.49387825
0.9365079365079365,0.9833333333333333,0.49677593
0.9381625441696113,0.9833333333333333,0.49871907
0.9398230088495575,0.9833333333333333,0.501992
0.9397163120567376,0.9814814814814815,0.5048309
0.9396092362344582,0.9796296296296296,0.5049038
0.9395017793594306,0.9777777777777777,0.50683594
0.9393939393939394,0.975925925925926,0.50723594
0.9392857142857143,0.9740740740740741,0.50773084
0.9391771019677997,0.9722222222222222,0.5100065
0.9390681003584229,0.9703703703703703,0.5130704
0.9389587073608617,0.9685185185185186,0.52537876
0.9388489208633094,0.9666666666666667,0.5295643
0.9387387387387387,0.9648148148148148,0.53000003
0.9386281588447654,0.9629629629629629,0.53131235
0.9385171790235082,0.9611111111111111,0.5359321
0.9384057971014492,0.9592592592592593,0.5370748
0.9382940108892922,0.9574074074074074,0.5393093
0.9381818181818182,0.9555555555555556,0.54052734
0.9380692167577414,0.9537037037037037,0.5413152
0.9397810218978102,0.9537037037037037,0.5421253
0.9396709323583181,0.9518518518518518,0.54240125
0.9395604395604396,0.95,0.54361826
0.9394495412844037,0.9481481481481482,0.54379696
0.9393382352941176,0.9462962962962963,0.54424095
0.9392265193370166,0.9444444444444444,0.54517424
0.9391143911439115,0.9425925925925925,0.5460086
0.9390018484288355,0.9407407407407408,0.55169433
0.9407407407407408,0.9407407407407408,0.55171454
0.9406307977736549,0.9388888888888889,0.55335957
0.9423791821561338,0.9388888888888889,0.55512744
0.9422718808193669,0.937037037037037,0.5556048
0.9421641791044776,0.9351851851851852,0.5557608
0.9420560747663551,0.9333333333333333,0.5574362
0.9419475655430711,0.9314814814814815,0.5584318
0.9437148217636022,0.9314814814814815,0.5622679
0.943609022556391,0.9296296296296296,0.56328815
0.943502824858757,0.9277777777777778,0.5642116
0.9433962264150944,0.9259259259259259,0.5655411
0.943289224952741,0.924074074074074,0.5677328
0.9431818181818182,0.9222222222222223,0.56796753
0.9430740037950665,0.9203703703703704,0.56838465
0.9429657794676806,0.9185185185185185,0.5698852
0.9428571428571428,0.9166666666666666,0.56988716
0.9427480916030534,0.9148148148148149,0.5720948
0.9426386233269598,0.912962962962963,0.5743359
0.9425287356321839,0.9111111111111111,0.57439953
0.9424184261036468,0.9092592592592592,0.57666016
0.9423076923076923,0.9074074074074074,0.57756394
0.9421965317919075,0.9055555555555556,0.57805187
0.9420849420849421,0.9037037037037037,0.57900554
0.941972920696325,0.9018518518518519,0.57992244
0.9418604651162791,0.9,0.5833276
0.941747572815534,0.8981481481481481,0.58345264
0.9416342412451362,0.8962962962962963,0.58498013
0.9415204678362573,0.8944444444444445,0.5854322
0.94140625,0.8925925925925926,0.58618003
0.9432485322896281,0.8925925925925926,0.58748275
0.9431372549019608,0.8907407407407407,0.58754176
0.9430255402750491,0.8888888888888888,0.5877058
0.9429133858267716,0.8870370370370371,0.5891535
0.9428007889546351,0.8851851851851852,0.5897672
0.9426877470355731,0.8833333333333333,0.58999157
0.9445544554455445,0.8833333333333333,0.59048265
0.9444444444444444,0.8814814814814815,0.59065527
0.9443339960238568,0.8796296296296297,0.5915104
0.9442231075697212,0.8777777777777778,0.59270585
0.9441117764471058,0.8759259259259259,0.59313315
0.944,0.8740740740740741,0.59362626
0.9438877755511023,0.8722222222222222,0.5941152
0.9437751004016064,0.8703703703703703,0.5954528
0.9456740442655935,0.8703703703703703,0.5956367
0.9475806451612904,0.8703703703703703,0.59565246
0.9474747474747475,0.8685185185185185,0.5962761
0.9473684210526315,0.8666666666666667,0.59717655
0.947261663286004,0.8648148148148148,0.59756124
0.9491869918699187,0.8648148148148148,0.59771234
0.9490835030549898,0.8629629629629629,0.59827894
0.9489795918367347,0.8611111111111112,0.60167456
0.9488752556237219,0.8592592592592593,0.60702914
0.9487704918032787,0.8574074074074074,0.60711265
0.9486652977412731,0.8555555555555555,0.60839844
0.9506172839506173,0.8555555555555555,0.60864455
0.9505154639175257,0.8537037037037037,0.608993
0.9504132231404959,0.8518518518518519,0.6101526
0.9503105590062112,0.85,0.6103042
0.950207468879668,0.8481481481481481,0.6104436
0.9501039501039501,0.8462962962962963,0.61083984
0.95,0.8444444444444444,0.6127998
0.9498956158663883,0.8425925925925926,0.61308527
0.9497907949790795,0.8407407407407408,0.6141753
0.949685534591195,0.8388888888888889,0.61548847
0.9495798319327731,0.837037037037037,0.61712396
0.9494736842105264,0.8351851851851851,0.61849326
0.9493670886075949,0.8333333333333334,0.61873627
0.9492600422832981,0.8314814814814815,0.6189346
0.9491525423728814,0.8296296296296296,0.619114
0.9490445859872612,0.8277777777777777,0.62025994
0.948936170212766,0.825925925925926,0.6203375
0.9488272921108742,0.8240740740740741,0.6206809
0.9487179487179487,0.8222222222222222,0.62268466
0.9486081370449678,0.8203703703703704,0.6237847
0.9484978540772532,0.8185185185185185,0.62424475
0.9483870967741935,0.8166666666666667,0.62459594
0.9482758620689655,0.8148148148148148,0.6254968
0.9481641468682506,0.812962962962963,0.6260404
0.948051948051948,0.8111111111111111,0.62676597
0.9479392624728851,0.8092592592592592,0.62761426
0.9478260869565217,0.8074074074074075,0.6299934
0.9477124183006536,0.8055555555555556,0.63035357
0.9475982532751092,0.8037037037037037,0.63071954
0.9474835886214442,0.8018518518518518,0.63097054
0.9473684210526315,0.8,0.63125867
0.9472527472527472,0.7981481481481482,0.6315046
0.947136563876652,0.7962962962962963,0.63215274
0.9492273730684326,0.7962962962962963,0.63246185
0.9491150442477876,0.7944444444444444,0.63312674
0.9490022172949002,0.7925925925925926,0.6331522
0.9488888888888889,0.7907407407407407,0.63348645
0.9487750556792873,0.7888888888888889,0.63410354
0.9486607142857143,0.7870370370370371,0.6342834
0.9485458612975392,0.7851851851851852,0.63518685
0.9484304932735426,0.7833333333333333,0.63564986
0.9483146067415731,0.7814814814814814,0.63649637
0.9481981981981982,0.7796296296296297,0.63709855
0.9480812641083521,0.7777777777777778,0.63819396
0.9479638009049773,0.7759259259259259,0.6383005
0.9478458049886621,0.774074074074074,0.63845414
0.9477272727272728,0.7722222222222223,0.63859516
0.9476082004555809,0.7703703703703704,0.63880557
0.9474885844748858,0.7685185185185185,0.63916016
0.9473684210526315,0.7666666666666667,0.6391734
0.9472477064220184,0.7648148148148148,0.63964874
0.9471264367816092,0.762962962962963,0.6401367
0.9470046082949308,0.7611111111111111,0.6402768
0.9468822170900693,0.7592592592592593,0.64114875
0.9467592592592593,0.7574074074074074,0.64160156
0.9466357308584686,0.7555555555555555,0.64219
0.9465116279069767,0.7537037037037037,0.64371866
0.9463869463869464,0.7518518518518519,0.644244
0.9462616822429907,0.75,0.64565045
0.9461358313817331,0.7481481481481481,0.6458632
0.9460093896713615,0.7462962962962963,0.647605
0.9458823529411765,0.7444444444444445,0.64939886
0.9457547169811321,0.7425925925925926,0.6503746
0.9456264775413712,0.7407407407407407,0.6509585
0.9454976303317536,0.7388888888888889,0.6512595
0.9453681710213777,0.737037037037037,0.6514587
0.9452380952380952,0.7351851851851852,0.65411913
0.9451073985680191,0.7333333333333333,0.6543502
0.9449760765550239,0.7314814814814815,0.6551759
0.9448441247002398,0.7296296296296296,0.6556874
0.9447115384615384,0.7277777777777777,0.65722704
0.944578313253012,0.725925925925926,0.6585298
0.9444444444444444,0.7240740740740741,0.65899336
0.9443099273607748,0.7222222222222222,0.6590229
0.9441747572815534,0.7203703703703703,0.659734
0.9440389294403893,0.7185185185185186,0.6606822
0.9463414634146341,0.7185185185185186,0.660773
0.9462102689486552,0.7166666666666667,0.66091084
0.946078431372549,0.7148148148148148,0.6615307
0.9459459459459459,0.7129629629629629,0.6620699
0.9458128078817734,0.7111111111111111,0.6625183
0.945679012345679,0.7092592592592593,0.6629921
0.9455445544554455,0.7074074074074074,0.6642761
0.9454094292803971,0.7055555555555556,0.6649722
0.945273631840796,0.7037037037037037,0.6654175
0.9451371571072319,0.7018518518518518,0.6680106
0.9475,0.7018518518518518,0.6689414
0.9473684210526315,0.7,0.6693953
0.9472361809045227,0.6981481481481482,0.66951007
0.947103274559194,0.6962962962962963,0.66990316
0.946969696969697,0.6944444444444444,0.6699219
0.9468354430379747,0.6925925925925925,0.67011017
0.9467005076142132,0.6907407407407408,0.67078286
0.9465648854961832,0.6888888888888889,0.67149454
0.9489795918367347,0.6888888888888889,0.671803
0.948849104859335,0.687037037037037,0.6733521
0.9487179487179487,0.6851851851851852,0.6736836
0.9485861182519281,0.6833333333333333,0.67412376
0.9484536082474226,0.6814814814814815,0.6743081
0.9483204134366925,0.6796296296296296,0.6762996
0.9481865284974094,0.6777777777777778,0.67703557
0.948051948051948,0.6759259259259259,0.6772694
0.9479166666666666,0.674074074074074,0.67838347
0.9477806788511749,0.6722222222222223,0.67868245
0.9476439790575916,0.6703703703703704,0.67965156
0.94750656167979,0.6685185185185185,0.6799563
0.9473684210526315,0.6666666666666666,0.6801323
0.9472295514511874,0.6648148148148149,0.680324
0.9470899470899471,0.662962962962963,0.68046093
0.946949602122016,0.6611111111111111,0.68112504
0.9468085106382979,0.6592592592592592,0.6820727
0.9466666666666667,0.6574074074074074,0.68237793
0.946524064171123,0.6555555555555556,0.6824754
0.9490616621983914,0.6555555555555556,0.68247604
0.9489247311827957,0.6537037037037037,0.68283385
0.9487870619946092,0.6518518518518519,0.68320763
0.9486486486486486,0.65,0.6832573
0.948509485094851,0.6481481481481481,0.6838353
0.9483695652173914,0.6462962962962963,0.6856851
0.9482288828337875,0.6444444444444445,0.6862166
0.9480874316939891,0.6425925925925926,0.6863947
0.947945205479452,0.6407407407407407,0.6866771
0.9478021978021978,0.6388888888888888,0.6872041
0.9504132231404959,0.6388888888888888,0.6885184
0.9502762430939227,0.6370370370370371,0.6888015
0.9501385041551247,0.6351851851851852,0.68932545
0.95,0.6333333333333333,0.6897265
0.9498607242339833,0.6314814814814815,0.6902491
0.9497206703910615,0.6296296296296297,0.6903065
0.9495798319327731,0.6277777777777778,0.6925472
0.949438202247191,0.6259259259259259,0.6929524
0.9492957746478873,0.6240740740740741,0.6931481
0.9491525423728814,0.6222222222222222,0.6933836
0.9490084985835694,0.6203703703703703,0.69347507
0.9488636363636364,0.6185185185185185,0.6941638
0.9487179487179487,0.6166666666666667,0.6958672
0.9485714285714286,0.6148148148148148,0.69628274
0.9484240687679083,0.6129629629629629,0.6976109
0.9482758620689655,0.6111111111111112,0.6990566
0.9510086455331412,0.6111111111111112,0.6991676
0.9508670520231214,0.6092592592592593,0.70160586
0.9507246376811594,0.6074074074074074,0.7019978
0.9505813953488372,0.6055555555555555,0.70294094
0.9504373177842566,0.6037037037037037,0.7029412
0.9502923976608187,0.6018518518518519,0.7031423
0.9501466275659824,0.6,0.7036283
0.95,0.5981481481481481,0.7048006
0.9498525073746312,0.5962962962962963,0.70487076
0.9497041420118343,0.5944444444444444,0.7049673
0.9495548961424333,0.5925925925925926,0.7050637
0.9523809523809523,0.5925925925925926,0.70547295
0.9522388059701492,0.5907407407407408,0.7062596
0.9520958083832335,0.5888888888888889,0.7070679
0.9519519519519519,0.587037037037037,0.7071804
0.9518072289156626,0.5851851851851851,0.70766604
0.9516616314199395,0.5833333333333334,0.70903087
0.9515151515151515,0.5814814814814815,0.7090386
0.9513677811550152,0.5796296296296296,0.7109805
0.9512195121951219,0.5777777777777777,0.71108794
0.9510703363914373,0.575925925925926,0.71144
0.9539877300613497,0.575925925925926,0.71200264
0.9538461538461539,0.5740740740740741,0.7121043
0.9567901234567902,0.5740740740740741,0.71226215
0.9566563467492261,0.5722222222222222,0.7124438
0.9565217391304348,0.5703703703703704,0.71321523
0.956386292834891,0.5685185185185185,0.71363956
0.95625,0.5666666666666667,0.71397907
0.9561128526645768,0.5648148148148148,0.7142298
0.9559748427672956,0.562962962962963,0.7146688
0.9558359621451105,0.5611111111111111,0.7165749
0.9556962025316456,0.5592592592592592,0.7169295
0.9555555555555556,0.5574074074074075,0.7174895
0.9554140127388535,0.5555555555555556,0.7176829
0.9552715654952076,0.5537037037037037,0.7178998
0.9551282051282052,0.5518518518518518,0.71901137
0.954983922829582,0.55,0.7195104
0.9548387096774194,0.5481481481481482,0.7197604
0.9546925566343042,0.5462962962962963,0.7199324
0.9545454545454546,0.5444444444444444,0.72007096
0.9543973941368078,0.5425925925925926,0.7203965
0.954248366013072,0.5407407407407407,0.72064775
0.9540983606557377,0.5388888888888889,0.72084624
0.9539473684210527,0.5370370370370371,0.7210527
0.9537953795379538,0.5351851851851852,0.72144437
0.9536423841059603,0.5333333333333333,0.7214979
0.9534883720930233,0.5314814814814814,0.7224451
0.9533333333333334,0.5296296296296297,0.72250336
0.9531772575250836,0.5277777777777778,0.72277963
0.9530201342281879,0.5259259259259259,0.72361034
0.9528619528619529,0.524074074074074,0.72603196
0.9527027027027027,0.5222222222222223,0.7261005
0.9525423728813559,0.5203703703703704,0.72626597
0.9523809523809523,0.5185185185185185,0.726836
0.9522184300341296,0.5166666666666667,0.72870666
0.952054794520548,0.5148148148148148,0.7295309
0.9518900343642611,0.512962962962963,0.7306919
0.9517241379310345,0.5111111111111111,0.730854
0.9515570934256056,0.5092592592592593,0.7311223
0.9513888888888888,0.5074074074074074,0.7317236
0.9512195121951219,0.5055555555555555,0.7318842
0.951048951048951,0.5037037037037037,0.7329747
0.9508771929824561,0.5018518518518519,0.734734
0.9507042253521126,0.5,0.7352685
0.950530035335689,0.4981481481481482,0.73619074
0.950354609929078,0.4962962962962963,0.7370026
0.9501779359430605,0.49444444444444446,0.73793656
0.95,0.4925925925925926,0.7379382
0.9498207885304659,0.49074074074074076,0.7383928
0.9496402877697842,0.4888888888888889,0.7391279
0.9494584837545126,0.48703703703703705,0.7398571
0.9492753623188406,0.48518518518518516,0.7399856
0.9490909090909091,0.48333333333333334,0.7403171
0.948905109489051,0.48148148148148145,0.74056554
0.9487179487179487,0.47962962962962963,0.74079514
0.9485294117647058,0.4777777777777778,0.74132127
0.9520295202952029,0.4777777777777778,0.74165535
0.9518518518518518,0.4759259259259259,0.7436749
0.9516728624535316,0.4740740740740741,0.74457437
0.9514925373134329,0.4722222222222222,0.74497515
0.951310861423221,0.4703703703703704,0.7458057
0.9511278195488722,0.4685185185185185,0.7473998
0.9509433962264151,0.4666666666666667,0.7475586
0.9507575757575758,0.4648148148148148,0.7482226
0.9505703422053232,0.46296296296296297,0.74902344
0.950381679389313,0.46111111111111114,0.7493087
0.9501915708812261,0.45925925925925926,0.75085664
0.95,0.45740740740740743,0.75177824
0.9498069498069498,0.45555555555555555,0.7519495
0.9496124031007752,0.4537037037037037,0.7524501
0.9494163424124513,0.45185185185185184,0.75335485
0.94921875,0.45,0.75366455
0.9490196078431372,0.44814814814814813,0.7537349
0.9488188976377953,0.4462962962962963,0.75376266
0.9486166007905138,0.4444444444444444,0.7540848
0.9484126984126984,0.4425925925925926,0.7548252
0.9482071713147411,0.44074074074074077,0.7563466
0.948,0.4388888888888889,0.75764227
0.9477911646586346,0.43703703703703706,0.7580063
0.9475806451612904,0.4351851851851852,0.7581603
0.9473684210526315,0.43333333333333335,0.7596111
0.9471544715447154,0.43148148148148147,0.7599321
0.9469387755102041,0.42962962962962964,0.76046336
0.9467213114754098,0.42777777777777776,0.7613922
0.9465020576131687,0.42592592592592593,0.7617262
0.9462809917355371,0.42407407407407405,0.76279473
0.946058091286307,0.4222222222222222,0.7635357
0.9458333333333333,0.4203703703703704,0.7635707
0.9456066945606695,0.4185185185185185,0.7647142
0.9453781512605042,0.4166666666666667,0.7647679
0.9451476793248945,0.4148148148148148,0.7660065
0.9449152542372882,0.412962962962963,0.7663628
0.9446808510638298,0.4111111111111111,0.7669614
0.9444444444444444,0.40925925925925927,0.76717705
0.944206008583691,0.4074074074074074,0.76847154
0.9439655172413793,0.40555555555555556,0.7686572
0.9437229437229437,0.40370370370370373,0.7686834
0.9434782608695652,0.40185185185185185,0.7689884
0.9432314410480349,0.4,0.76903397
0.9429824561403509,0.39814814814814814,0.7692176
0.9427312775330396,0.3962962962962963,0.7700167
0.9424778761061947,0.39444444444444443,0.7705078
0.9422222222222222,0.3925925925925926,0.7706688
0.9419642857142857,0.3907407407407407,0.7710022
0.9417040358744395,0.3888888888888889,0.77165824
0.9414414414414415,0.387037037037037,0.7729492
0.9411764705882353,0.3851851851851852,0.7733592
0.9409090909090909,0.38333333333333336,0.7759174
0.9406392694063926,0.3814814814814815,0.7793721
0.9403669724770642,0.37962962962962965,0.77976066
0.9400921658986175,0.37777777777777777,0.7799968
0.9398148148148148,0.37592592592592594,0.7802244
0.9395348837209302,0.37407407407407406,0.7805553
0.9392523364485982,0.37222222222222223,0.7809373
0.9389671361502347,0.37037037037037035,0.7817383
0.9386792452830188,0.3685185185185185,0.78263575
0.9383886255924171,0.36666666666666664,0.78345
0.9380952380952381,0.3648148148148148,0.7836914
0.937799043062201,0.362962962962963,0.7841797
0.9375,0.3611111111111111,0.7843721
0.9371980676328503,0.3592592592592593,0.78556585
0.9368932038834952,0.3574074074074074,0.78570575
0.9365853658536586,0.35555555555555557,0.7857117
0.9362745098039216,0.3537037037037037,0.7867813
0.9359605911330049,0.35185185185185186,0.7868758
0.9356435643564357,0.35,0.7871094
0.935,0.34629629629629627,0.787277
0.9346733668341709,0.34444444444444444,0.787504
0.9343434343434344,0.3425925925925926,0.78808594
0.934010152284264,0.34074074074074073,0.7896832
0.9336734693877551,0.3388888888888889,0.7908086
0.9333333333333333,0.337037037037037,0.790849
0.9381443298969072,0.337037037037037,0.7914147
0.9378238341968912,0.3351851851851852,0.7922507
0.9427083333333334,0.3351851851851852,0.79287297
0.9424083769633508,0.3333333333333333,0.7953196
0.9421052631578948,0.3314814814814815,0.79554814
0.9417989417989417,0.3296296296296296,0.7963529
0.9414893617021277,0.3277777777777778,0.7993599
0.9411764705882353,0.32592592592592595,0.8006492
0.9408602150537635,0.32407407407407407,0.8021139
0.9405405405405406,0.32222222222222224,0.8027787
0.9402173913043478,0.32037037037037036,0.803348
0.9398907103825137,0.31851851851851853,0.8055862
0.9395604395604396,0.31666666666666665,0.80834055
0.9392265193370166,0.3148148148148148,0.808572
0.9388888888888889,0.31296296296296294,0.80907696
0.9441340782122905,0.31296296296296294,0.81066865
0.9438202247191011,0.3111111111111111,0.8108385
0.943502824858757,0.30925925925925923,0.81102574
0.9431818181818182,0.3074074074074074,0.81152344
0.9428571428571428,0.3055555555555556,0.8125452
0.9425287356321839,0.3037037037037037,0.8131252
0.9421965317919075,0.30185185185185187,0.81371766
0.9418604651162791,0.3,0.81506056
0.9415204678362573,0.29814814814814816,0.8165643
0.9411764705882353,0.2962962962962963,0.81689197
0.9408284023668639,0.29444444444444445,0.8185582
0.9404761904761905,0.29259259259259257,0.8204149
0.9401197604790419,0.29074074074074074,0.8223062
0.9397590361445783,0.28888888888888886,0.82262933
0.9393939393939394,0.28703703703703703,0.8230893
0.9390243902439024,0.2851851851851852,0.8232591
0.9386503067484663,0.2833333333333333,0.8237149
0.9382716049382716,0.2814814814814815,0.82509637
0.937888198757764,0.2796296296296296,0.828401
0.9375,0.2777777777777778,0.8295142
0.9371069182389937,0.2759259259259259,0.82965213
0.9367088607594937,0.2740740740740741,0.83113104
0.9363057324840764,0.2722222222222222,0.8321397
0.9358974358974359,0.27037037037037037,0.8326682
0.9354838709677419,0.26851851851851855,0.83500195
0.935064935064935,0.26666666666666666,0.8354492
0.934640522875817,0.26481481481481484,0.835641
0.9342105263157895,0.26296296296296295,0.835687
0.9337748344370861,0.2611111111111111,0.8358429
0.9333333333333333,0.25925925925925924,0.837613
0.9328859060402684,0.2574074074074074,0.8384542
0.9324324324324325,0.25555555555555554,0.83870685
0.9319727891156463,0.2537037037037037,0.839593
0.9315068493150684,0.2518518518518518,0.83974826
0.9310344827586207,0.25,0.8398782
0.9305555555555556,0.24814814814814815,0.8401304
0.9300699300699301,0.2462962962962963,0.841068
0.9295774647887324,0.24444444444444444,0.84167063
0.9290780141843972,0.24259259259259258,0.8418132
0.9285714285714286,0.24074074074074073,0.84198666
0.9280575539568345,0.2388888888888889,0.8424127
0.927536231884058,0.23703703703703705,0.84279656
0.927007299270073,0.2351851851851852,0.843149
0.9264705882352942,0.23333333333333334,0.84323245
0.9259259259259259,0.23148148148148148,0.8433179
0.9328358208955224,0.23148148148148148,0.8439568
0.9323308270676691,0.22962962962962963,0.84422606
0.9318181818181818,0.22777777777777777,0.8458006
0.9389312977099237,0.22777777777777777,0.84609133
0.9384615384615385,0.22592592592592592,0.846829
0.937984496124031,0.22407407407407406,0.8510742
0.9453125,0.22407407407407406,0.85168403
0.9448818897637795,0.2222222222222222,0.85314405
0.9444444444444444,0.22037037037037038,0.85489374
0.944,0.21851851851851853,0.85669136
0.9435483870967742,0.21666666666666667,0.8572484
0.943089430894309,0.21481481481481482,0.85735863
0.9426229508196722,0.21296296296296297,0.8581537
0.9421487603305785,0.2111111111111111,0.8597343
0.9416666666666667,0.20925925925925926,0.86067456
0.9411764705882353,0.2074074074074074,0.86527014
0.940677966101695,0.20555555555555555,0.86542356
0.9401709401709402,0.2037037037037037,0.866914
0.9396551724137931,0.20185185185185187,0.8677787
0.9391304347826087,0.2,0.8680887
0.9385964912280702,0.19814814814814816,0.86856544
0.9380530973451328,0.1962962962962963,0.8703615
0.9375,0.19444444444444445,0.8703953
0.9369369369369369,0.1925925925925926,0.87041926
0.9363636363636364,0.19074074074074074,0.8720439
0.9357798165137615,0.18888888888888888,0.87216264
0.9351851851851852,0.18703703703703703,0.8721982
0.9345794392523364,0.18518518518518517,0.87319916
0.9339622641509434,0.18333333333333332,0.8744358
0.9333333333333333,0.1814814814814815,0.8757961
0.9326923076923077,0.17962962962962964,0.8759
0.9320388349514563,0.17777777777777778,0.8772684
0.9313725490196079,0.17592592592592593,0.87829596
0.9306930693069307,0.17407407407407408,0.8797048
0.93,0.17222222222222222,0.88047963
0.9292929292929293,0.17037037037037037,0.88088685
0.9285714285714286,0.1685185185185185,0.8829899
0.9278350515463918,0.16666666666666666,0.88373756
0.9270833333333334,0.1648148148148148,0.88534456
0.9263157894736842,0.16296296296296298,0.8874662
0.925531914893617,0.16111111111111112,0.8875164
0.9247311827956989,0.15925925925925927,0.8892483
0.9239130434782609,0.1574074074074074,0.88933986
0.9230769230769231,0.15555555555555556,0.89140785
0.9222222222222223,0.1537037037037037,0.89177555
0.9213483146067416,0.15185185185185185,0.89265084
0.9204545454545454,0.15,0.8948987
0.9195402298850575,0.14814814814814814,0.89700985
0.9186046511627907,0.14629629629629629,0.8988239
0.9294117647058824,0.14629629629629629,0.8994505
0.9285714285714286,0.14444444444444443,0.9001894
0.927710843373494,0.1425925925925926,0.9020659
0.926829268292683,0.14074074074074075,0.90317076
0.9259259259259259,0.1388888888888889,0.9049464
0.925,0.13703703703703704,0.9061909
0.9240506329113924,0.13518518518518519,0.9077223
0.9230769230769231,0.13333333333333333,0.9083454
0.922077922077922,0.13148148148148148,0.9106731
0.9342105263157895,0.13148148148148148,0.9114974
0.9333333333333333,0.12962962962962962,0.9162899
0.9324324324324325,0.12777777777777777,0.9166598
0.9315068493150684,0.1259259259259259,0.922015
0.9305555555555556,0.12407407407407407,0.9239918
0.9295774647887324,0.12222222222222222,0.925155
0.9285714285714286,0.12037037037037036,0.9254348
0.927536231884058,0.11851851851851852,0.9259583
0.9264705882352942,0.11666666666666667,0.9298639
0.9253731343283582,0.11481481481481481,0.9302019
0.9242424242424242,0.11296296296296296,0.93044966
0.9230769230769231,0.1111111111111111,0.931579
0.921875,0.10925925925925926,0.9321163
0.9206349206349206,0.10740740740740741,0.9330725
0.9193548387096774,0.10555555555555556,0.9349554
0.9180327868852459,0.1037037037037037,0.9359031
0.9333333333333333,0.1037037037037037,0.9374345
0.9322033898305084,0.10185185185185185,0.9387812
0.9310344827586207,0.1,0.94036204
0.9298245614035088,0.09814814814814815,0.9448271
0.9285714285714286,0.0962962962962963,0.9460414
0.9272727272727272,0.09444444444444444,0.9465532
0.9259259259259259,0.09259259259259259,0.94729555
0.9245283018867925,0.09074074074074075,0.94750595
0.9230769230769231,0.08888888888888889,0.95064867
0.9215686274509803,0.08703703703703704,0.9507524
0.92,0.08518518518518518,0.9529005
0.9183673469387755,0.08333333333333333,0.9533433
0.9375,0.08333333333333333,0.95437795
0.9361702127659575,0.08148148148148149,0.9544094
0.9347826086956522,0.07962962962962963,0.9547539
0.9333333333333333,0.07777777777777778,0.9570769
0.9318181818181818,0.07592592592592592,0.95841914
0.9302325581395349,0.07407407407407407,0.958621
0.9285714285714286,0.07222222222222222,0.95966095
0.926829268292683,0.07037037037037037,0.960299
0.925,0.06851851851851852,0.96237916
0.9230769230769231,0.06666666666666667,0.962394
0.9473684210526315,0.06666666666666667,0.9638037
0.9459459459459459,0.06481481481481481,0.9648981
0.9444444444444444,0.06296296296296296,0.96518177
0.9428571428571428,0.06111111111111111,0.9652693
0.9411764705882353,0.05925925925925926,0.96530795
0.9393939393939394,0.05740740740740741,0.96567744
0.9375,0.05555555555555555,0.968081
0.9354838709677419,0.053703703703703705,0.9682949
0.9333333333333333,0.05185185185185185,0.96900314
0.9310344827586207,0.05,0.97217125
0.9285714285714286,0.04814814814814815,0.9774902
0.9259259259259259,0.046296296296296294,0.97814125
0.9230769230769231,0.044444444444444446,0.97964525
0.96,0.044444444444444446,0.98001504
0.9583333333333334,0.04259259259259259,0.9801734
0.9565217391304348,0.040740740740740744,0.9806694
0.9545454545454546,0.03888888888888889,0.98353356
0.9523809523809523,0.037037037037037035,0.98436034
0.95,0.03518518518518519,0.9853819
0.9473684210526315,0.03333333333333333,0.98554766
0.9444444444444444,0.03148148148148148,0.9856398
0.9411764705882353,0.02962962962962963,0.98769385
0.9375,0.027777777777777776,0.9885357
1.0,0.027777777777777776,0.989024
1.0,0.025925925925925925,0.9891573
1.0,0.024074074074074074,0.9891785
1.0,0.022222222222222223,0.9900943
1.0,0.020370370370370372,0.99052346
1.0,0.018518518518518517,0.99073076
1.0,0.016666666666666666,0.990735
1.0,0.014814814814814815,0.9919926
1.0,0.012962962962962963,0.99201703
1.0,0.011111111111111112,0.99214864
1.0,0.009259259259259259,0.9921536
1.0,0.007407407407407408,0.99324656
1.0,0.005555555555555556,0.99493027
1.0,0.003703703703703704,0.9969474
1.0,0.001851851851851852,0.99722564
